{
  "imdb": {
    "accuracy": 0.9236666666666666,
    "precision": 0.9178172255095332,
    "recall": 0.9306666666666666,
    "f1": 0.9241972856669975,
    "roc_auc": 0.9734593333333333
  },
  "yelp": {
    "accuracy": 0.9495,
    "precision": 0.947195801902263,
    "recall": 0.9531353135313532,
    "f1": 0.9501562757032407,
    "roc_auc": 0.983277049927215
  },
  "in_domain": {
    "accuracy": 0.9365833333333333,
    "precision": 0.9325233951732064,
    "recall": 0.9419568822553898,
    "f1": 0.9372164012870225,
    "roc_auc": 0.9787836501468092
  },
  "amazon_cross_domain": {
    "accuracy": 0.9288333333333333,
    "precision": 0.9071267333118349,
    "recall": 0.9529132791327913,
    "f1": 0.9294564678671733,
    "roc_auc": 0.9732078634352618
  }
}