{
  "imdb": {
    "accuracy": 0.9225,
    "precision": 0.9105928085519922,
    "recall": 0.937,
    "f1": 0.9236076885165106,
    "roc_auc": 0.9756605555555554
  },
  "yelp": {
    "accuracy": 0.9591666666666666,
    "precision": 0.9594193335532828,
    "recall": 0.9597359735973597,
    "f1": 0.9595776274542155,
    "roc_auc": 0.9918230711960084
  },
  "in_domain": {
    "accuracy": 0.9408333333333333,
    "precision": 0.9347826086956522,
    "recall": 0.948424543946932,
    "f1": 0.9415541652946987,
    "roc_auc": 0.9848597881613707
  },
  "amazon_cross_domain": {
    "accuracy": 0.9318333333333333,
    "precision": 0.9302876480541455,
    "recall": 0.9312330623306233,
    "f1": 0.9307601151176571,
    "roc_auc": 0.9803732533306304
  }
}