{
  "imdb": {
    "accuracy": 0.8845,
    "precision": 0.8679425837320575,
    "recall": 0.907,
    "f1": 0.887041564792176,
    "roc_auc": 0.952254
  },
  "yelp": {
    "accuracy": 0.9006666666666666,
    "precision": 0.8908156711624919,
    "recall": 0.9155115511551155,
    "f1": 0.9029947916666666,
    "roc_auc": 0.9657120712071207
  },
  "in_domain": {
    "accuracy": 0.8925833333333333,
    "precision": 0.8793406945111217,
    "recall": 0.9112769485903814,
    "f1": 0.8950240247577164,
    "roc_auc": 0.9592827459575377
  },
  "amazon_cross_domain": {
    "accuracy": 0.7975,
    "precision": 0.763901549680948,
    "recall": 0.8516260162601627,
    "f1": 0.8053820278712158,
    "roc_auc": 0.886472492513639
  }
}